{
  "total_runs": 3,
  "successful_runs": 3,
  "failed_runs": 0,
  "cold_start_latency_sec": 8.97529219998978,
  "steady_state_avg_latency_sec": 7.917639713501558,
  "steady_state_avg_rss_delta_mb": 7.150390625,
  "cold_start_end_to_end_ms": 8974.709,
  "steady_state_avg_end_to_end_ms": 7917.049999999999,
  "steady_state_avg_overhead_ms": 2615.2084999999997
}