{
  "total_runs": 3,
  "successful_runs": 3,
  "failed_runs": 0,
  "cold_start_latency_sec": 994.7999790899921,
  "steady_state_avg_latency_sec": 1028.1656229984947,
  "steady_state_avg_rss_delta_mb": 24.75390625,
  "cold_start_end_to_end_ms": 994799.707,
  "steady_state_avg_end_to_end_ms": 1028165.3615,
  "steady_state_avg_overhead_ms": 1027357.8104999999
}