{
  "total_runs": 3,
  "successful_runs": 3,
  "failed_runs": 0,
  "cold_start_latency_sec": 976.2622140440217,
  "steady_state_avg_latency_sec": 978.5325351675128,
  "steady_state_avg_rss_delta_mb": 13.71484375,
  "cold_start_end_to_end_ms": 976261.985,
  "steady_state_avg_end_to_end_ms": 978532.2715,
  "steady_state_avg_overhead_ms": 977712.1425000001
}