{
  "total_runs": 3,
  "successful_runs": 3,
  "failed_runs": 0,
  "cold_start_latency_sec": 1408.6798704539833,
  "steady_state_avg_latency_sec": 1398.4967219425016,
  "steady_state_avg_rss_delta_mb": 48.798828125,
  "cold_start_end_to_end_ms": 1405311.568,
  "steady_state_avg_end_to_end_ms": 1397324.9585000002,
  "steady_state_avg_overhead_ms": 966413.906
}