{
  "total_runs": 3,
  "successful_runs": 3,
  "failed_runs": 0,
  "cold_start_latency_sec": 1353.3631094399898,
  "steady_state_avg_latency_sec": 1346.8199614594996,
  "steady_state_avg_rss_delta_mb": 79.751953125,
  "cold_start_end_to_end_ms": 1350065.947,
  "steady_state_avg_end_to_end_ms": 1345645.4904999998,
  "steady_state_avg_overhead_ms": 931488.6754999999
}