{
  "total_runs": 3,
  "successful_runs": 3,
  "failed_runs": 0,
  "cold_start_latency_sec": 141.81001448701136,
  "steady_state_avg_latency_sec": 141.42011454550084,
  "steady_state_avg_rss_delta_mb": 7.748046875,
  "cold_start_end_to_end_ms": 141808.917,
  "steady_state_avg_end_to_end_ms": 141418.82549999998,
  "steady_state_avg_overhead_ms": 26.881999999999998
}